"Symbol  ","Series  ","Date  ","Prev Close  ","Open Price  ","High Price  ","Low Price  ","Last Price  ","Close Price  ","Average Price ","Total Traded Quantity  ","Turnover ₹  ","No. of Trades  ","Deliverable Qty  ","% Dly Qt to Traded Qty  "
"TIMETECHNO","EQ","14-Aug-2024","346.50","348.00","385.80","337.00","382.50","382.35","373.72","1,11,89,059","4,18,15,44,387.55","2,05,617","22,33,931","19.97"
"TIMETECHNO","EQ","16-Aug-2024","382.35","380.00","394.30","377.40","386.40","385.25","385.80","23,22,212","89,59,15,326.40","67,102","7,75,246","33.38"
"TIMETECHNO","EQ","19-Aug-2024","385.25","389.10","403.00","386.05","393.60","392.50","396.37","21,29,095","84,38,99,621.50","55,795","6,36,592","29.90"
"TIMETECHNO","EQ","20-Aug-2024","392.50","394.15","394.20","383.00","391.50","388.90","387.59","8,42,044","32,63,63,908.30","28,477","2,79,985","33.25"
"TIMETECHNO","EQ","21-Aug-2024","388.90","392.10","395.90","388.10","394.50","394.25","392.56","7,53,162","29,56,64,247.30","23,223","2,21,910","29.46"
"TIMETECHNO","EQ","22-Aug-2024","394.25","396.50","399.00","386.00","389.45","388.40","391.06","7,31,962","28,62,41,007.80","22,358","2,64,648","36.16"
"TIMETECHNO","EQ","23-Aug-2024","388.40","389.80","407.65","383.35","400.25","399.00","397.47","20,59,515","81,85,85,874.10","41,097","3,96,419","19.25"
"TIMETECHNO","EQ","26-Aug-2024","399.00","400.95","401.10","385.40","385.60","386.25","390.00","8,14,516","31,76,60,759.90","25,226","3,79,217","46.56"
"TIMETECHNO","EQ","27-Aug-2024","386.25","387.00","394.20","385.20","390.40","391.25","389.32","11,49,083","44,73,59,466.15","20,141","1,53,530","13.36"
"TIMETECHNO","EQ","28-Aug-2024","391.25","392.40","396.75","386.05","388.15","388.55","391.34","7,42,496","29,05,66,647.10","18,907","1,27,062","17.11"
"TIMETECHNO","EQ","29-Aug-2024","388.55","390.00","400.00","380.60","395.00","389.30","387.96","7,78,643","30,20,84,637.40","20,608","2,78,673","35.79"
"TIMETECHNO","EQ","30-Aug-2024","389.30","392.05","403.80","385.35","402.00","400.50","395.17","13,86,121","54,77,50,796.55","30,305","5,15,151","37.16"
"TIMETECHNO","EQ","02-Sep-2024","400.50","403.30","419.65","393.20","397.10","397.75","405.79","25,21,315","1,02,31,22,913.20","61,167","6,28,523","24.93"
"TIMETECHNO","EQ","03-Sep-2024","397.75","398.00","407.45","395.15","400.75","400.20","402.23","10,16,835","40,89,96,922.00","24,949","2,29,757","22.60"
"TIMETECHNO","EQ","04-Sep-2024","400.20","395.00","416.00","394.20","416.00","414.40","408.79","19,07,546","77,97,87,642.60","43,887","4,72,246","24.76"
"TIMETECHNO","EQ","05-Sep-2024","414.40","416.40","428.85","414.45","423.10","424.55","423.98","22,10,471","93,71,86,040.85","60,976","7,44,464","33.68"
"TIMETECHNO","EQ","06-Sep-2024","424.55","424.55","426.95","401.50","406.60","406.55","410.23","12,36,309","50,71,70,586.60","41,011","4,64,050","37.54"
"TIMETECHNO","EQ","09-Sep-2024","406.55","401.50","410.00","389.05","402.40","402.05","397.92","16,33,468","64,99,86,048.50","43,730","3,65,873","22.40"
"TIMETECHNO","EQ","10-Sep-2024","402.05","404.00","419.90","402.40","418.00","418.70","413.13","20,40,568","84,30,19,617.65","42,478","5,17,181","25.34"
"TIMETECHNO","EQ","11-Sep-2024","418.70","420.00","421.20","403.00","405.30","404.30","410.70","7,44,970","30,59,55,839.35","21,937","2,58,541","34.70"
"TIMETECHNO","EQ","12-Sep-2024","404.30","407.00","413.30","401.30","403.05","402.70","407.47","8,84,900","36,05,67,299.65","17,609","1,70,411","19.26"
"TIMETECHNO","EQ","13-Sep-2024","402.70","405.00","442.85","403.60","440.00","439.80","429.03","41,02,331","1,76,00,24,201.55","62,884","13,02,278","31.74"
"TIMETECHNO","EQ","16-Sep-2024","439.80","441.90","442.80","422.20","424.30","424.30","427.93","11,39,323","48,75,53,620.75","26,386","2,98,934","26.24"
"TIMETECHNO","EQ","17-Sep-2024","424.30","420.15","446.80","416.65","445.50","443.85","433.75","21,86,963","94,85,91,527.20","58,814","5,00,961","22.91"
"TIMETECHNO","EQ","18-Sep-2024","443.85","443.85","445.85","420.05","424.55","421.40","433.42","11,61,370","50,33,55,780.05","26,925","3,16,117","27.22"
"TIMETECHNO","EQ","19-Sep-2024","421.40","424.80","429.75","406.00","417.00","416.30","417.19","11,54,142","48,14,99,070.00","34,210","2,99,710","25.97"
"TIMETECHNO","EQ","20-Sep-2024","416.30","414.30","423.85","410.50","415.00","413.85","417.10","12,40,833","51,75,52,002.00","26,027","1,96,127","15.81"
"TIMETECHNO","EQ","23-Sep-2024","413.85","416.00","416.55","405.15","406.50","406.95","410.81","11,79,184","48,44,18,354.90","22,589","3,44,166","29.19"
"TIMETECHNO","EQ","24-Sep-2024","406.95","408.90","412.90","403.90","405.05","406.05","407.57","9,79,073","39,90,39,149.00","19,028","2,37,605","24.27"
"TIMETECHNO","EQ","25-Sep-2024","406.05","408.85","409.95","401.85","404.00","404.40","404.54","9,31,605","37,68,76,062.95","15,197","1,79,253","19.24"
"TIMETECHNO","EQ","26-Sep-2024","404.40","404.00","407.80","387.10","390.00","390.35","397.17","9,76,640","38,78,94,726.40","25,721","4,47,920","45.86"
"TIMETECHNO","EQ","27-Sep-2024","390.35","392.50","397.75","385.00","385.50","385.95","389.24","7,83,684","30,50,38,121.85","22,509","2,65,624","33.89"
"TIMETECHNO","EQ","30-Sep-2024","385.95","386.90","398.00","383.40","391.85","391.30","390.38","7,47,877","29,19,59,011.25","28,490","2,05,028","27.41"
"TIMETECHNO","EQ","01-Oct-2024","391.30","390.05","397.50","388.25","389.65","389.50","393.01","7,91,867","31,12,10,274.65","19,430","1,49,715","18.91"
"TIMETECHNO","EQ","03-Oct-2024","389.50","385.60","393.60","369.75","377.70","378.15","381.22","10,28,921","39,22,48,917.45","34,622","4,37,676","42.54"
"TIMETECHNO","EQ","04-Oct-2024","378.15","379.60","384.70","369.50","377.90","376.75","379.16","7,46,895","28,31,94,903.55","35,754","2,67,734","35.85"
"TIMETECHNO","EQ","07-Oct-2024","376.75","378.95","379.35","356.90","362.00","362.10","364.37","9,07,456","33,06,47,813.20","41,207","4,15,773","45.82"
"TIMETECHNO","EQ","08-Oct-2024","362.10","361.05","386.70","357.65","386.00","384.60","375.31","12,79,277","48,01,31,817.50","29,616","3,41,782","26.72"
"TIMETECHNO","EQ","09-Oct-2024","384.60","386.95","392.20","383.10","391.70","391.10","388.54","10,90,830","42,38,29,269.80","24,847","2,33,408","21.40"
"TIMETECHNO","EQ","10-Oct-2024","391.10","391.50","395.45","383.10","385.35","384.50","390.39","7,53,226","29,40,52,805.50","18,402","1,34,297","17.83"
"TIMETECHNO","EQ","11-Oct-2024","384.50","384.25","397.80","382.10","395.30","394.85","391.86","9,57,927","37,53,70,297.20","25,836","2,04,125","21.31"
"TIMETECHNO","EQ","14-Oct-2024","394.85","398.50","420.60","394.00","420.60","418.20","409.37","17,83,466","73,00,96,403.05","43,219","6,93,008","38.86"
"TIMETECHNO","EQ","15-Oct-2024","418.20","427.00","444.85","423.05","438.10","438.35","436.35","30,03,237","1,31,04,68,376.90","75,142","8,34,617","27.79"
"TIMETECHNO","EQ","16-Oct-2024","438.35","438.80","463.70","438.60","460.60","461.50","455.70","23,42,622","1,06,75,32,209.50","72,901","7,20,094","30.74"
"TIMETECHNO","EQ","17-Oct-2024","461.50","463.15","474.00","450.10","453.95","453.65","461.94","17,22,548","79,57,18,208.20","59,631","6,14,106","35.65"
"TIMETECHNO","EQ","18-Oct-2024","453.65","453.95","456.90","433.25","453.15","454.20","446.60","10,81,512","48,30,07,464.05","41,938","3,48,522","32.23"
"TIMETECHNO","EQ","21-Oct-2024","454.20","456.00","470.70","447.70","451.60","451.15","457.76","8,73,918","40,00,48,571.45","38,939","2,58,786","29.61"
"TIMETECHNO","EQ","22-Oct-2024","451.15","450.00","450.00","418.80","422.75","423.65","432.93","13,31,991","57,66,59,702.90","55,196","5,62,330","42.22"
"TIMETECHNO","EQ","23-Oct-2024","423.65","422.55","436.90","415.05","420.00","421.55","426.10","12,99,545","55,37,30,977.70","47,386","4,37,175","33.64"
"TIMETECHNO","EQ","24-Oct-2024","421.55","419.75","429.35","406.05","407.90","407.35","415.99","7,74,901","32,23,53,517.30","33,098","2,81,762","36.36"
"TIMETECHNO","EQ","25-Oct-2024","407.35","408.90","412.60","390.65","397.85","398.70","398.16","7,72,407","30,75,40,859.95","45,174","2,60,587","33.74"
"TIMETECHNO","EQ","28-Oct-2024","398.70","398.70","414.40","397.55","401.40","400.50","405.66","10,44,375","42,36,56,780.70","43,213","2,84,616","27.25"
"TIMETECHNO","EQ","29-Oct-2024","400.50","401.70","406.00","394.10","401.40","403.15","400.86","7,25,783","29,09,37,760.25","21,919","1,38,964","19.15"
"TIMETECHNO","EQ","30-Oct-2024","403.15","405.25","415.80","401.40","410.70","411.95","409.55","7,19,772","29,47,86,108.05","23,072","1,52,682","21.21"
"TIMETECHNO","EQ","31-Oct-2024","411.95","411.95","424.90","405.85","423.90","423.20","416.41","10,77,754","44,87,89,329.65","23,574","2,37,598","22.05"
"TIMETECHNO","EQ","01-Nov-2024","423.20","427.00","435.65","425.80","428.40","430.95","431.52","2,70,392","11,66,79,753.40","6,934","67,611","25.00"
"TIMETECHNO","EQ","04-Nov-2024","430.95","432.20","432.65","405.10","408.50","407.10","413.38","7,69,223","31,79,84,546.80","33,534","3,06,973","39.91"
"TIMETECHNO","EQ","05-Nov-2024","407.10","406.95","420.80","405.65","410.20","409.65","412.01","7,26,263","29,92,27,896.80","33,052","2,03,726","28.05"
"TIMETECHNO","EQ","06-Nov-2024","409.65","411.00","425.80","411.00","422.05","423.00","420.61","7,62,821","32,08,52,641.75","34,140","3,64,064","47.73"
"TIMETECHNO","EQ","07-Nov-2024","423.00","423.80","428.45","414.05","414.75","417.00","420.02","6,08,601","25,56,24,914.65","22,993","1,85,335","30.45"
"TIMETECHNO","EQ","08-Nov-2024","417.00","417.00","419.00","403.10","404.25","405.10","410.61","6,70,364","27,52,59,896.05","29,214","3,01,428","44.96"
"TIMETECHNO","EQ","11-Nov-2024","405.10","405.45","410.90","398.60","404.50","404.40","405.21","8,99,825","36,46,19,754.45","49,836","4,17,078","46.35"
"TIMETECHNO","EQ","12-Nov-2024","404.40","425.00","425.00","386.40","391.00","394.50","406.49","21,96,464","89,28,39,085.85","65,085","6,95,199","31.65"
"TIMETECHNO","EQ","13-Nov-2024","394.50","396.10","397.15","362.65","370.20","365.90","374.89","14,25,414","53,43,73,879.70","57,001","6,16,629","43.26"
"TIMETECHNO","EQ","14-Nov-2024","365.90","370.00","393.00","370.00","384.10","387.40","388.33","20,25,630","78,66,04,595.65","86,606","9,53,489","47.07"
"TIMETECHNO","EQ","18-Nov-2024","387.40","387.40","389.70","373.05","374.50","375.40","377.37","9,62,776","36,33,26,880.20","50,819","4,73,755","49.21"
"TIMETECHNO","EQ","19-Nov-2024","375.40","380.00","382.50","363.95","365.10","366.50","374.74","11,48,068","43,02,27,225.15","33,906","4,33,846","37.79"
"TIMETECHNO","EQ","21-Nov-2024","366.50","366.25","380.50","355.20","371.90","371.50","367.74","14,06,296","51,71,57,192.15","58,214","3,58,917","25.52"
"TIMETECHNO","EQ","22-Nov-2024","371.50","372.55","393.15","369.05","391.95","391.05","385.95","10,09,847","38,97,47,434.50","39,967","4,12,341","40.83"
"TIMETECHNO","EQ","25-Nov-2024","391.05","412.25","412.45","398.00","411.00","410.40","406.98","12,72,869","51,80,28,801.10","31,271","4,77,598","37.52"
"TIMETECHNO","EQ","26-Nov-2024","410.40","414.55","427.75","412.15","423.00","424.50","419.60","12,14,880","50,97,68,498.75","39,060","3,74,624","30.84"
"TIMETECHNO","EQ","27-Nov-2024","424.50","424.80","432.40","419.20","426.80","426.65","425.23","8,42,984","35,84,59,599.00","28,690","3,23,418","38.37"
"TIMETECHNO","EQ","28-Nov-2024","426.65","428.00","436.55","425.35","431.00","429.85","430.66","11,13,190","47,94,05,008.70","28,572","3,66,702","32.94"
"TIMETECHNO","EQ","29-Nov-2024","429.85","429.85","452.70","424.70","448.70","449.45","440.78","18,57,981","81,89,61,155.70","36,633","4,94,930","26.64"
"TIMETECHNO","EQ","02-Dec-2024","449.45","449.60","463.90","443.45","448.10","449.75","451.53","12,07,870","54,53,89,834.55","37,026","3,08,879","25.57"
"TIMETECHNO","EQ","03-Dec-2024","449.75","449.80","457.95","446.80","448.50","449.45","450.89","9,99,296","45,05,76,494.55","32,029","2,58,354","25.85"
"TIMETECHNO","EQ","04-Dec-2024","449.45","449.45","450.40","443.95","445.20","445.90","447.41","6,43,943","28,81,04,897.65","30,008","2,12,581","33.01"
"TIMETECHNO","EQ","05-Dec-2024","445.90","447.20","459.80","438.75","444.00","443.35","449.55","9,64,769","43,37,15,037.35","29,882","2,70,153","28.00"
"TIMETECHNO","EQ","06-Dec-2024","443.35","445.90","485.00","443.95","485.00","480.45","469.80","29,44,120","1,38,31,49,196.50","73,475","7,68,497","26.10"
"TIMETECHNO","EQ","09-Dec-2024","480.45","486.00","495.20","480.85","489.00","489.30","486.74","15,23,221","74,14,18,037.80","38,700","4,49,326","29.50"
"TIMETECHNO","EQ","10-Dec-2024","489.30","491.00","491.00","477.10","485.80","484.30","481.94","8,09,337","39,00,54,747.40","24,066","2,15,044","26.57"
"TIMETECHNO","EQ","11-Dec-2024","484.30","484.30","504.80","480.00","499.70","501.25","495.63","25,61,016","1,26,93,16,802.10","51,711","6,82,512","26.65"
"TIMETECHNO","EQ","12-Dec-2024","501.25","502.80","503.50","488.70","492.50","493.85","495.10","9,28,010","45,94,60,709.45","30,673","3,09,428","33.34"
"TIMETECHNO","EQ","13-Dec-2024","493.85","495.60","513.55","489.25","491.90","493.95","498.12","26,55,798","1,32,28,93,120.70","67,102","5,97,675","22.50"
"TIMETECHNO","EQ","16-Dec-2024","493.95","493.70","496.30","483.05","488.00","487.65","488.85","8,60,834","42,08,17,994.15","24,556","2,89,910","33.68"
"TIMETECHNO","EQ","17-Dec-2024","487.65","487.45","497.00","485.25","491.00","491.20","492.29","10,71,780","52,76,26,705.25","29,911","2,32,419","21.69"
"TIMETECHNO","EQ","18-Dec-2024","491.20","490.20","491.65","480.70","486.00","484.85","485.33","6,47,678","31,43,38,867.05","21,753","1,63,671","25.27"
"TIMETECHNO","EQ","19-Dec-2024","484.85","474.05","488.80","471.10","484.15","484.40","480.80","7,51,107","36,11,30,368.85","23,562","2,38,661","31.77"
"TIMETECHNO","EQ","20-Dec-2024","484.40","484.80","493.70","465.90","467.50","467.20","479.45","8,01,531","38,42,95,855.90","21,814","2,73,096","34.07"
"TIMETECHNO","EQ","23-Dec-2024","467.20","467.20","475.25","460.50","474.00","473.70","469.01","10,85,079","50,89,14,063.10","29,835","2,40,716","22.18"
"TIMETECHNO","EQ","24-Dec-2024","473.70","474.00","489.70","473.10","489.00","487.40","483.21","10,86,446","52,49,76,868.00","36,621","2,85,019","26.23"
"TIMETECHNO","EQ","26-Dec-2024","487.40","490.00","497.00","479.95","490.90","491.50","487.78","9,31,863","45,45,44,048.45","29,678","3,13,611","33.65"
"TIMETECHNO","EQ","27-Dec-2024","491.50","491.90","494.70","482.55","490.70","490.75","488.36","6,98,256","34,10,01,283.20","23,793","1,61,173","23.08"
"TIMETECHNO","EQ","30-Dec-2024","490.75","489.50","504.60","478.10","482.50","480.25","491.02","10,71,012","52,58,90,729.40","40,112","3,09,283","28.88"
"TIMETECHNO","EQ","31-Dec-2024","480.25","480.80","495.00","478.50","492.50","493.60","487.45","12,27,785","59,84,80,860.00","22,398","1,81,092","14.75"
"TIMETECHNO","EQ","01-Jan-2025","493.60","493.85","501.95","485.10","495.80","495.15","495.07","9,05,739","44,83,99,706.45","22,531","2,00,558","22.14"
"TIMETECHNO","EQ","02-Jan-2025","495.15","498.00","508.00","482.55","485.80","485.30","488.19","11,78,237","57,52,00,370.20","29,252","4,63,264","39.32"
"TIMETECHNO","EQ","03-Jan-2025","485.30","485.00","495.20","480.05","489.30","489.95","488.93","10,77,877","52,70,01,629.30","38,968","3,28,223","30.45"
"TIMETECHNO","EQ","06-Jan-2025","489.95","491.55","491.60","459.80","465.00","461.60","472.14","10,67,134","50,38,41,554.05","37,448","5,00,386","46.89"
"TIMETECHNO","EQ","07-Jan-2025","461.60","461.95","478.15","461.60","470.90","471.25","471.46","13,08,403","61,68,58,356.55","44,301","5,25,214","40.14"
"TIMETECHNO","EQ","08-Jan-2025","471.25","471.25","472.00","455.10","458.00","458.15","461.32","8,97,313","41,39,45,707.15","40,831","3,35,064","37.34"
"TIMETECHNO","EQ","09-Jan-2025","458.15","458.15","460.20","431.50","434.25","433.35","439.35","8,78,437","38,59,42,560.30","41,332","4,83,112","55.00"
"TIMETECHNO","EQ","10-Jan-2025","433.35","435.45","436.30","415.60","423.10","419.80","424.68","8,66,572","36,80,11,633.85","54,380","3,78,088","43.63"
"TIMETECHNO","EQ","13-Jan-2025","419.80","425.00","432.00","393.80","397.00","399.15","411.46","12,00,677","49,40,36,070.85","62,440","5,24,272","43.66"
"TIMETECHNO","EQ","14-Jan-2025","399.15","401.15","427.00","396.20","425.50","423.90","415.85","12,85,470","53,45,62,835.90","47,602","5,99,172","46.61"
"TIMETECHNO","EQ","15-Jan-2025","423.90","430.00","436.00","413.10","419.90","419.35","420.81","12,13,868","51,08,03,745.80","43,303","5,23,069","43.09"
"TIMETECHNO","EQ","16-Jan-2025","419.35","426.00","450.85","426.00","442.90","445.25","442.89","12,69,842","56,23,96,727.50","42,916","4,80,719","37.86"
"TIMETECHNO","EQ","17-Jan-2025","445.25","441.90","443.95","429.70","432.00","432.70","434.47","6,67,244","28,98,95,650.30","23,018","1,68,639","25.27"
"TIMETECHNO","EQ","20-Jan-2025","432.70","432.70","435.30","421.35","423.90","424.40","428.80","10,30,822","44,20,17,386.50","26,493","2,85,164","27.66"
"TIMETECHNO","EQ","21-Jan-2025","424.40","429.00","433.20","403.80","407.00","406.65","416.84","9,57,079","39,89,50,868.50","38,944","3,17,448","33.17"
"TIMETECHNO","EQ","22-Jan-2025","406.65","415.00","421.20","395.90","400.00","400.25","405.91","16,77,432","68,08,81,610.00","62,376","6,75,720","40.28"
"TIMETECHNO","EQ","23-Jan-2025","400.25","402.05","408.75","397.25","399.45","399.90","401.83","10,65,472","42,81,43,088.55","37,939","3,44,786","32.36"
"TIMETECHNO","EQ","24-Jan-2025","399.90","401.70","407.15","383.00","386.35","385.50","394.61","12,06,141","47,59,59,009.65","41,070","5,59,379","46.38"
"TIMETECHNO","EQ","27-Jan-2025","385.50","385.50","389.80","363.00","367.00","366.60","369.40","12,35,592","45,64,23,036.45","56,759","6,83,826","55.34"
"TIMETECHNO","EQ","28-Jan-2025","366.60","370.00","374.50","343.50","368.00","366.80","359.60","12,59,226","45,28,20,664.85","63,845","3,73,643","29.67"
"TIMETECHNO","EQ","29-Jan-2025","366.80","366.80","391.50","366.80","391.50","387.85","382.80","8,67,861","33,22,18,670.50","40,325","2,86,407","33.00"
"TIMETECHNO","EQ","30-Jan-2025","387.85","391.00","398.00","381.95","385.00","383.10","386.51","10,64,747","41,15,34,990.15","32,439","3,67,385","34.50"
"TIMETECHNO","EQ","31-Jan-2025","383.10","385.10","405.35","383.05","402.00","400.55","399.65","10,32,135","41,24,91,482.45","37,149","3,22,938","31.29"
"TIMETECHNO","EQ","01-Feb-2025","400.55","402.00","407.70","383.45","389.90","388.40","397.03","7,18,498","28,52,64,559.35","28,806","1,68,803","23.49"
"TIMETECHNO","EQ","03-Feb-2025","388.40","388.05","389.00","365.00","373.00","373.40","372.67","9,61,650","35,83,82,903.55","48,527","5,03,226","52.33"
"TIMETECHNO","EQ","04-Feb-2025","373.40","381.20","397.00","381.20","391.70","392.35","390.01","8,60,468","33,55,90,249.15","40,446","2,30,031","26.73"
"TIMETECHNO","EQ","05-Feb-2025","392.35","392.35","409.90","392.35","405.40","402.55","404.50","14,32,298","57,93,66,959.05","58,353","5,01,564","35.02"
"TIMETECHNO","EQ","06-Feb-2025","402.55","407.60","413.35","402.65","407.40","406.10","407.62","8,62,029","35,13,82,323.50","31,524","2,35,942","27.37"
"TIMETECHNO","EQ","07-Feb-2025","406.10","406.95","413.00","401.40","404.30","405.90","406.59","6,89,396","28,03,03,318.95","36,771","2,27,121","32.94"
"TIMETECHNO","EQ","10-Feb-2025","405.90","404.00","406.00","386.60","394.00","390.95","394.02","4,67,058","18,40,31,904.90","31,194","2,09,513","44.86"
"TIMETECHNO","EQ","11-Feb-2025","390.95","391.40","392.00","365.70","370.75","369.50","374.74","7,38,643","27,68,00,781.95","47,864","3,35,032","45.36"
"TIMETECHNO","EQ","12-Feb-2025","369.50","360.00","384.85","325.65","383.00","382.20","353.41","46,87,187","1,65,65,06,183.85","1,71,139","17,88,737","38.16"
"TIMETECHNO","EQ","13-Feb-2025","382.20","377.20","387.00","360.00","380.95","380.15","373.15","18,64,417","69,57,04,447.20","71,676","5,90,248","31.66"
"TIMETECHNO","EQ","14-Feb-2025","380.15","383.15","384.00","356.85","360.80","364.05","366.50","10,86,352","39,81,52,497.10","61,095","4,07,673","37.53"
"TIMETECHNO","EQ","17-Feb-2025","364.05","360.10","379.45","356.50","374.95","376.25","370.02","14,01,663","51,86,44,965.10","77,438","3,91,664","27.94"
"TIMETECHNO","EQ","18-Feb-2025","376.25","375.65","414.00","364.85","410.00","408.00","391.43","24,70,079","96,68,73,716.50","99,076","11,21,162","45.39"
"TIMETECHNO","EQ","19-Feb-2025","408.00","405.45","413.80","395.55","401.60","405.30","406.14","11,41,489","46,35,99,171.35","56,137","2,84,607","24.93"
"TIMETECHNO","EQ","20-Feb-2025","405.30","400.00","409.40","398.10","404.75","404.25","404.98","10,85,012","43,94,04,113.35","47,554","3,30,818","30.49"
"TIMETECHNO","EQ","21-Feb-2025","404.25","404.00","420.60","393.20","403.00","399.45","409.40","10,48,069","42,90,78,958.20","61,093","2,26,031","21.57"
"TIMETECHNO","EQ","24-Feb-2025","399.45","397.15","408.00","387.60","395.80","392.75","396.08","7,05,797","27,95,52,644.55","36,898","1,70,167","24.11"
"TIMETECHNO","EQ","25-Feb-2025","392.75","393.10","399.60","384.25","386.00","385.85","390.49","6,14,337","23,98,93,886.45","36,591","1,96,243","31.94"
"TIMETECHNO","EQ","27-Feb-2025","385.85","385.00","390.70","366.55","367.10","368.80","373.27","7,18,669","26,82,56,410.20","38,667","2,93,814","40.88"
"TIMETECHNO","EQ","28-Feb-2025","368.80","363.80","367.45","351.05","359.00","357.45","357.86","7,46,443","26,71,22,803.20","45,507","2,58,489","34.63"
"TIMETECHNO","EQ","03-Mar-2025","357.45","360.30","367.25","341.00","353.00","352.85","350.79","8,60,837","30,19,76,574.60","51,953","2,90,682","33.77"
"TIMETECHNO","EQ","04-Mar-2025","352.85","352.00","366.60","347.60","360.00","361.75","359.94","8,51,674","30,65,55,724.15","60,792","2,36,538","27.77"
"TIMETECHNO","EQ","05-Mar-2025","361.75","365.20","381.95","363.75","377.00","376.50","375.99","11,73,551","44,12,45,635.15","52,121","3,56,887","30.41"
"TIMETECHNO","EQ","06-Mar-2025","376.50","382.00","393.85","382.00","383.60","386.20","388.91","9,43,430","36,69,11,503.30","41,091","3,30,543","35.04"
"TIMETECHNO","EQ","07-Mar-2025","386.20","387.50","397.60","383.90","393.50","394.55","392.92","11,05,349","43,43,15,325.05","36,963","2,46,358","22.29"
"TIMETECHNO","EQ","10-Mar-2025","394.55","394.00","401.25","372.20","372.20","377.00","384.36","7,64,446","29,38,20,930.65","54,244","2,94,481","38.52"
"TIMETECHNO","EQ","11-Mar-2025","377.00","372.00","391.70","366.95","385.00","385.65","381.42","11,37,509","43,38,70,345.00","43,912","3,08,671","27.14"
"TIMETECHNO","EQ","12-Mar-2025","385.65","380.00","388.90","366.45","370.50","370.80","375.62","7,81,479","29,35,39,986.30","34,585","3,51,470","44.97"
"TIMETECHNO","EQ","13-Mar-2025","370.80","374.50","375.25","363.00","364.45","365.00","368.07","5,50,100","20,24,73,157.05","20,183","2,04,066","37.10"
"TIMETECHNO","EQ","17-Mar-2025","365.00","368.50","371.70","355.35","357.50","357.35","363.22","8,69,112","31,56,78,452.35","39,573","3,47,099","39.94"
"TIMETECHNO","EQ","18-Mar-2025","357.35","362.80","380.35","362.00","379.20","378.75","373.84","9,42,730","35,24,26,360.30","35,852","4,19,104","44.46"
"TIMETECHNO","EQ","19-Mar-2025","378.75","382.50","384.00","374.20","380.00","380.15","377.84","12,38,954","46,81,25,454.25","40,977","4,39,198","35.45"
"TIMETECHNO","EQ","20-Mar-2025","380.15","384.95","394.00","372.60","373.05","373.95","380.27","8,93,941","33,99,38,415.10","42,767","3,98,076","44.53"
"TIMETECHNO","EQ","21-Mar-2025","373.95","374.00","392.00","369.35","386.00","382.95","381.48","57,44,923","2,19,15,63,796.70","1,40,760","33,45,572","58.24"
"TIMETECHNO","EQ","24-Mar-2025","382.95","389.85","405.00","383.85","404.00","402.40","398.62","14,83,668","59,14,19,151.00","47,803","4,63,917","31.27"
"TIMETECHNO","EQ","25-Mar-2025","402.40","410.00","417.00","397.25","414.00","413.70","406.15","18,30,568","74,34,91,467.25","48,102","6,84,868","37.41"
"TIMETECHNO","EQ","26-Mar-2025","413.70","414.00","417.50","407.20","410.25","410.10","410.75","11,09,864","45,58,73,199.40","38,402","3,84,707","34.66"
"TIMETECHNO","EQ","27-Mar-2025","410.10","408.00","433.00","405.50","430.40","428.95","420.91","15,95,200","67,14,40,996.95","41,746","5,20,551","32.63"
"TIMETECHNO","EQ","28-Mar-2025","428.95","433.70","437.35","414.20","418.55","417.70","425.10","16,04,507","68,20,76,883.15","43,366","6,76,158","42.14"
"TIMETECHNO","EQ","01-Apr-2025","417.70","424.00","431.85","419.25","429.00","428.70","426.08","9,42,678","40,16,54,713.40","29,646","3,73,940","39.67"
"TIMETECHNO","EQ","02-Apr-2025","428.70","432.90","432.90","417.30","429.00","428.55","426.28","8,59,621","36,64,42,846.30","23,381","1,84,781","21.50"
"TIMETECHNO","EQ","03-Apr-2025","428.55","420.00","435.60","419.05","425.00","424.70","425.02","7,56,814","32,16,59,724.40","20,745","2,87,530","37.99"
"TIMETECHNO","EQ","04-Apr-2025","424.70","424.90","425.20","391.30","401.80","399.05","405.44","8,91,631","36,15,00,886.25","34,616","3,97,539","44.59"
"TIMETECHNO","EQ","07-Apr-2025","399.05","333.00","374.65","333.00","358.80","358.70","363.24","14,02,737","50,95,33,174.80","55,535","6,47,972","46.19"
"TIMETECHNO","EQ","08-Apr-2025","358.70","371.90","375.00","345.10","347.00","349.20","353.55","17,20,277","60,82,00,613.80","58,503","8,34,188","48.49"
"TIMETECHNO","EQ","09-Apr-2025","349.20","347.95","349.30","333.20","336.80","335.20","340.12","7,56,640","25,73,51,606.60","36,821","3,74,545","49.50"
"TIMETECHNO","EQ","11-Apr-2025","335.20","342.95","355.45","341.05","353.00","351.25","347.95","16,99,847","59,14,63,262.70","41,687","8,22,250","48.37"
"TIMETECHNO","EQ","15-Apr-2025","351.25","356.05","368.00","353.60","359.50","358.40","360.50","14,60,633","52,65,53,549.50","34,083","5,28,189","36.16"
"TIMETECHNO","EQ","16-Apr-2025","358.40","358.00","366.35","353.95","360.00","358.90","358.10","10,76,389","38,54,53,416.25","24,677","3,17,397","29.49"
"TIMETECHNO","EQ","17-Apr-2025","358.90","358.90","363.60","349.50","353.10","352.65","353.73","9,01,648","31,89,42,688.40","24,915","3,47,412","38.53"
"TIMETECHNO","EQ","21-Apr-2025","352.65","355.00","379.60","354.10","378.50","376.30","367.53","13,12,761","48,24,79,546.15","31,899","5,14,439","39.19"
"TIMETECHNO","EQ","22-Apr-2025","376.30","379.25","381.45","371.00","378.95","377.40","376.33","8,80,757","33,14,58,000.95","20,040","2,31,793","26.32"
"TIMETECHNO","EQ","23-Apr-2025","377.40","379.50","380.40","368.00","371.00","370.65","372.69","7,26,320","27,06,95,068.55","18,377","2,60,937","35.93"
"TIMETECHNO","EQ","24-Apr-2025","370.65","370.65","373.90","362.45","364.00","363.75","367.62","6,56,435","24,13,21,342.90","24,246","2,02,648","30.87"
"TIMETECHNO","EQ","25-Apr-2025","363.75","363.75","365.00","346.50","349.00","351.00","351.57","6,74,348","23,70,82,972.60","24,909","3,00,334","44.54"
"TIMETECHNO","EQ","28-Apr-2025","351.00","352.00","355.30","342.85","351.95","349.75","350.02","5,62,368","19,68,37,365.50","26,394","1,34,559","23.93"
"TIMETECHNO","EQ","29-Apr-2025","349.75","351.10","357.25","342.05","342.30","343.20","348.93","5,95,634","20,78,32,404.35","16,449","2,31,215","38.82"
"TIMETECHNO","EQ","30-Apr-2025","343.20","342.85","351.55","334.75","335.50","337.60","343.79","8,29,461","28,51,57,698.20","22,932","3,30,497","39.84"
"TIMETECHNO","EQ","02-May-2025","337.60","339.00","343.55","332.15","337.75","337.90","338.50","5,74,031","19,43,12,224.30","22,203","1,55,424","27.08"
"TIMETECHNO","EQ","05-May-2025","337.90","341.00","346.50","336.90","343.75","344.25","342.90","6,91,722","23,71,94,401.40","18,032","1,33,648","19.32"
"TIMETECHNO","EQ","06-May-2025","344.25","357.75","357.75","325.50","326.30","329.95","338.08","7,13,778","24,13,17,119.55","22,300","2,54,600","35.67"
"TIMETECHNO","EQ","07-May-2025","329.95","322.00","337.90","322.00","328.30","326.90","328.47","7,24,253","23,78,92,441.15","31,955","2,75,854","38.09"
"TIMETECHNO","EQ","08-May-2025","326.90","328.50","337.25","310.15","314.95","314.60","321.02","12,26,154","39,36,25,214.95","39,296","6,48,380","52.88"
"TIMETECHNO","EQ","09-May-2025","314.60","313.00","317.90","306.60","312.20","308.35","309.85","11,76,996","36,46,96,502.75","36,310","6,11,637","51.97"
"TIMETECHNO","EQ","12-May-2025","308.35","325.85","346.00","325.00","345.95","344.05","338.81","11,49,146","38,93,40,155.75","33,254","3,44,706","30.00"
"TIMETECHNO","EQ","13-May-2025","344.05","344.20","347.45","332.20","335.40","334.45","338.57","7,04,840","23,86,37,227.80","23,137","4,02,551","57.11"
"TIMETECHNO","EQ","14-May-2025","334.45","336.60","349.50","333.60","348.00","347.10","344.71","11,82,791","40,77,24,640.60","19,165","2,58,760","21.88"
"TIMETECHNO","EQ","15-May-2025","347.10","348.90","362.85","348.00","360.00","358.60","354.68","16,33,849","57,94,88,001.30","33,532","5,35,501","32.78"
"TIMETECHNO","EQ","16-May-2025","358.60","361.00","366.15","356.50","358.70","358.05","359.99","9,90,291","35,64,95,463.75","28,779","3,55,593","35.91"
"TIMETECHNO","EQ","19-May-2025","358.05","359.90","378.50","359.05","377.50","376.25","371.95","13,82,761","51,43,17,860.75","30,006","4,24,171","30.68"
"TIMETECHNO","EQ","20-May-2025","376.25","379.40","379.40","364.10","366.75","366.50","371.84","7,30,271","27,15,45,795.20","22,691","3,26,944","44.77"
"TIMETECHNO","EQ","21-May-2025","366.50","366.00","372.15","358.95","370.00","368.60","367.67","7,50,795","27,60,41,179.15","15,816","1,50,488","20.04"
"TIMETECHNO","EQ","22-May-2025","368.60","368.60","378.60","366.05","377.00","376.20","374.47","9,84,245","36,85,69,561.60","21,875","2,58,216","26.23"
"TIMETECHNO","EQ","23-May-2025","376.20","378.70","378.70","369.00","371.25","371.05","372.59","5,57,043","20,75,46,747.30","10,699","1,37,669","24.71"
"TIMETECHNO","EQ","26-May-2025","371.05","373.60","376.75","368.65","374.15","373.20","372.65","8,21,601","30,61,72,798.05","19,282","2,31,434","28.17"
"TIMETECHNO","EQ","27-May-2025","373.20","374.60","381.55","370.20","381.00","380.50","377.66","10,07,658","38,05,56,112.80","20,315","3,48,765","34.61"
"TIMETECHNO","EQ","28-May-2025","380.50","390.00","390.00","373.25","375.00","376.85","380.34","12,07,499","45,92,54,761.00","25,980","4,92,778","40.81"
"TIMETECHNO","EQ","29-May-2025","376.85","379.80","388.95","373.30","387.00","387.35","383.19","15,84,828","60,72,93,622.75","28,120","4,99,586","31.52"
"TIMETECHNO","EQ","30-May-2025","387.35","386.00","387.30","376.50","378.00","377.95","381.70","8,41,892","32,13,50,129.55","23,140","3,49,234","41.48"
"TIMETECHNO","EQ","02-Jun-2025","377.95","377.95","380.95","367.00","379.90","380.00","374.72","10,09,627","37,83,26,380.45","28,305","3,30,257","32.71"
"TIMETECHNO","EQ","03-Jun-2025","380.00","381.85","392.50","377.00","383.90","382.45","386.51","13,23,379","51,15,00,411.00","39,536","5,11,331","38.64"
"TIMETECHNO","EQ","04-Jun-2025","382.45","384.80","387.90","379.00","383.20","382.10","381.95","8,13,144","31,05,80,621.45","15,739","1,89,451","23.30"
"TIMETECHNO","EQ","05-Jun-2025","382.10","383.15","398.85","383.15","398.10","392.55","388.68","12,05,966","46,87,39,419.30","18,721","5,29,381","43.90"
"TIMETECHNO","EQ","06-Jun-2025","392.55","397.00","412.10","394.15","411.00","410.40","403.53","24,92,966","1,00,59,89,895.75","46,108","9,73,050","39.03"
"TIMETECHNO","EQ","09-Jun-2025","410.40","422.00","446.95","418.10","439.05","439.85","435.19","57,09,264","2,48,45,97,984.70","96,359","17,56,814","30.77"
"TIMETECHNO","EQ","10-Jun-2025","439.85","442.90","444.00","432.25","437.95","437.40","436.93","13,55,359","59,21,95,320.60","27,065","5,27,588","38.93"
"TIMETECHNO","EQ","11-Jun-2025","437.40","438.50","446.80","432.50","437.80","438.90","439.73","12,75,964","56,10,73,552.85","32,307","4,17,916","32.75"
"TIMETECHNO","EQ","12-Jun-2025","438.90","439.90","451.40","430.30","433.50","433.30","441.66","19,49,288","86,09,32,234.70","46,871","7,06,270","36.23"
"TIMETECHNO","EQ","13-Jun-2025","433.30","424.95","444.20","416.25","439.00","438.85","435.00","12,72,233","55,34,21,808.50","34,337","4,48,893","35.28"
"TIMETECHNO","EQ","16-Jun-2025","438.85","439.00","441.65","425.50","436.00","437.55","435.25","11,47,708","49,95,37,872.60","22,141","2,30,098","20.05"
"TIMETECHNO","EQ","17-Jun-2025","437.55","439.40","455.00","437.05","443.60","442.40","446.32","21,16,925","94,48,30,257.85","53,274","6,98,506","33.00"
"TIMETECHNO","EQ","18-Jun-2025","442.40","444.65","448.50","436.00","444.15","443.80","443.52","9,14,906","40,57,75,986.65","23,009","2,53,301","27.69"
"TIMETECHNO","EQ","19-Jun-2025","443.80","440.00","450.00","427.20","427.60","428.75","437.06","8,27,589","36,17,06,674.60","22,751","2,96,197","35.79"
"TIMETECHNO","EQ","20-Jun-2025","428.75","428.00","441.60","427.65","436.55","434.45","435.01","10,06,862","43,79,94,918.40","17,695","2,19,209","21.77"
"TIMETECHNO","EQ","23-Jun-2025","434.45","434.30","448.00","430.45","445.00","444.50","442.98","12,04,918","53,37,49,846.80","34,853","4,37,445","36.30"
"TIMETECHNO","EQ","24-Jun-2025","444.50","450.00","460.00","446.20","450.50","453.30","452.60","15,21,749","68,87,36,567.65","42,837","5,35,157","35.17"
"TIMETECHNO","EQ","25-Jun-2025","453.30","456.00","460.00","450.45","452.35","453.90","454.97","10,62,375","48,33,54,035.55","26,734","3,60,177","33.90"
"TIMETECHNO","EQ","26-Jun-2025","453.90","455.25","463.80","450.10","455.15","456.55","455.78","11,99,862","54,68,77,316.35","24,115","3,26,469","27.21"
"TIMETECHNO","EQ","27-Jun-2025","456.55","456.75","460.00","442.10","444.50","443.45","451.02","9,85,920","44,46,69,404.95","22,454","3,12,350","31.68"
"TIMETECHNO","EQ","30-Jun-2025","443.45","445.00","449.45","441.75","443.60","444.00","444.54","6,55,420","29,13,61,855.45","14,973","2,52,703","38.56"
"TIMETECHNO","EQ","01-Jul-2025","444.00","444.95","446.45","435.80","439.65","438.55","440.61","8,18,255","36,05,30,372.50","28,106","2,25,290","27.53"
"TIMETECHNO","EQ","02-Jul-2025","438.55","438.55","450.50","436.20","450.25","447.60","443.17","6,34,310","28,11,05,866.35","19,041","2,39,584","37.77"
"TIMETECHNO","EQ","03-Jul-2025","447.60","447.60","450.50","442.50","446.25","446.15","446.77","7,57,142","33,82,66,224.25","14,832","1,40,349","18.54"
"TIMETECHNO","EQ","04-Jul-2025","446.15","446.30","454.25","444.25","448.20","448.60","449.47","8,37,250","37,63,21,075.90","17,824","1,58,332","18.91"
"TIMETECHNO","EQ","07-Jul-2025","448.60","448.75","451.45","442.05","445.00","445.20","445.80","4,83,437","21,55,16,018.60","12,847","1,08,731","22.49"
"TIMETECHNO","EQ","08-Jul-2025","445.20","445.60","449.30","430.70","435.50","434.75","437.75","5,95,580","26,07,14,021.80","21,703","2,59,963","43.65"
"TIMETECHNO","EQ","09-Jul-2025","434.75","437.00","449.80","434.75","447.20","448.30","445.49","11,29,520","50,31,95,211.20","21,544","2,97,909","26.37"
"TIMETECHNO","EQ","10-Jul-2025","448.30","449.00","453.25","442.35","448.90","448.65","447.90","7,36,955","33,00,79,327.50","13,744","1,41,387","19.19"
"TIMETECHNO","EQ","11-Jul-2025","448.65","448.65","449.00","438.00","439.50","440.10","441.79","3,78,167","16,70,71,384.85","13,156","1,53,462","40.58"
"TIMETECHNO","EQ","14-Jul-2025","440.10","440.30","449.75","435.25","448.00","447.90","444.49","6,00,705","26,70,06,257.35","20,417","2,22,234","37.00"
"TIMETECHNO","EQ","15-Jul-2025","447.90","448.40","459.00","447.40","458.45","457.00","455.13","10,57,017","48,10,80,576.50","34,965","3,88,303","36.74"
"TIMETECHNO","EQ","16-Jul-2025","457.00","459.70","460.80","449.05","449.80","449.95","454.65","5,05,765","22,99,47,961.30","20,851","2,32,488","45.97"
"TIMETECHNO","EQ","17-Jul-2025","449.95","451.20","477.05","449.00","472.00","472.30","465.66","28,36,639","1,32,09,04,509.55","52,689","10,76,410","37.95"
"TIMETECHNO","EQ","18-Jul-2025","472.30","473.30","477.45","463.15","469.00","466.80","468.77","10,73,793","50,33,61,498.15","28,512","4,54,812","42.36"
"TIMETECHNO","EQ","21-Jul-2025","466.80","467.95","476.00","461.30","470.60","471.60","470.99","11,29,115","53,18,04,570.45","28,014","3,10,110","27.46"
"TIMETECHNO","EQ","22-Jul-2025","471.60","472.05","479.05","464.35","472.80","473.80","473.46","14,43,959","68,36,62,305.25","26,958","2,94,911","20.42"
"TIMETECHNO","EQ","23-Jul-2025","473.80","473.80","474.35","462.80","465.25","464.70","467.77","7,30,910","34,18,99,662.50","17,261","2,35,001","32.15"
"TIMETECHNO","EQ","24-Jul-2025","464.70","465.50","470.70","460.10","461.15","462.20","465.28","8,11,381","37,75,21,097.60","18,788","2,00,575","24.72"
"TIMETECHNO","EQ","25-Jul-2025","462.20","462.25","462.25","446.85","449.30","448.60","452.74","4,26,634","19,31,54,774.20","17,219","2,12,003","49.69"
"TIMETECHNO","EQ","28-Jul-2025","448.60","444.90","450.00","434.95","437.90","436.80","442.59","5,24,801","23,22,74,293.85","19,392","2,26,404","43.14"
"TIMETECHNO","EQ","29-Jul-2025","436.80","436.45","449.50","432.50","446.15","447.60","444.12","7,80,411","34,65,97,752.25","18,241","1,64,278","21.05"
"TIMETECHNO","EQ","30-Jul-2025","447.60","455.05","473.90","455.05","472.70","472.15","466.48","19,84,354","92,56,69,581.15","36,111","4,30,932","21.72"
"TIMETECHNO","EQ","31-Jul-2025","472.15","463.50","477.00","460.00","467.20","467.45","470.06","15,61,675","73,40,83,840.05","27,618","2,77,784","17.79"
"TIMETECHNO","EQ","01-Aug-2025","467.45","467.35","469.75","451.00","453.50","452.30","460.34","7,69,211","35,41,01,938.80","20,619","2,47,046","32.12"
"TIMETECHNO","EQ","04-Aug-2025","452.30","452.30","463.00","445.65","460.00","459.45","457.38","10,04,949","45,96,43,263.40","25,337","1,59,593","15.88"
"TIMETECHNO","EQ","05-Aug-2025","459.45","460.05","467.45","454.20","467.40","464.15","459.52","7,82,069","35,93,76,203.30","16,026","1,60,556","20.53"
"TIMETECHNO","EQ","06-Aug-2025","464.15","465.30","465.40","443.10","444.50","445.15","449.38","5,71,992","25,70,43,294.15","18,926","2,68,290","46.90"
"TIMETECHNO","EQ","07-Aug-2025","445.15","445.10","452.00","438.75","450.00","449.75","446.97","10,67,856","47,72,97,463.90","21,554","2,79,432","26.17"
"TIMETECHNO","EQ","08-Aug-2025","449.75","453.90","466.10","451.70","455.95","458.10","459.91","12,28,520","56,50,03,006.60","30,680","3,06,748","24.97"
"TIMETECHNO","EQ","11-Aug-2025","458.10","461.85","468.90","454.30","463.50","464.80","461.75","14,30,801","66,06,72,384.25","35,102","4,04,011","28.24"
"TIMETECHNO","EQ","12-Aug-2025","464.80","462.90","463.90","440.00","444.75","441.50","447.69","11,32,044","50,68,00,249.30","33,359","4,39,187","38.80"
"TIMETECHNO","EQ","13-Aug-2025","441.50","445.00","451.00","441.30","445.70","445.90","447.30","8,75,721","39,17,08,130.65","17,665","2,14,608","24.51"